序号,行ID,角色,类别,章节,原文,规范化文本,已改写,被替换字符,输出音频,切片文件,字数
1,prologue_bridge.dialogue.01,檐下谱,开场对话,序章·风雨廊桥,雨停了。你醒在桥心，手中只有一本空白册子，封底写着：请把故事交还给愿意听的人。,雨停了。你醒在桥心，手中只有一本空白册子，封底写着，请把故事交还给愿意听的人。,是,：,prologue_bridge_dialogue_01.wav,03-檐下谱/001-prologue_bridge.dialogue.01.txt,39
2,prologue_bridge.dialogue.02,拓印师,开场对话,序章·风雨廊桥,我的名字也被雨洗掉了吗？,我的名字也被雨洗掉了吗。,是,？,prologue_bridge_dialogue_02.wav,02-拓印师/002-prologue_bridge.dialogue.02.txt,12
3,prologue_bridge.dialogue.03,廊桥,开场对话,序章·风雨廊桥,名字可以慢慢找。先帮我记住两个字——平安。桥栏已经快认不出回家的脚步了。,名字可以慢慢找。先帮我记住两个字，平安。桥栏已经快认不出回家的脚步了。,是,—,prologue_bridge_dialogue_03.wav,08-廊桥/003-prologue_bridge.dialogue.03.txt,35
4,prologue_bridge.dialogue.04,拓印师,开场对话,序章·风雨廊桥,只要把字重新写上，你就会好起来？,只要把字重新写上，你就会好起来。,是,？,prologue_bridge_dialogue_04.wav,02-拓印师/004-prologue_bridge.dialogue.04.txt,16
5,prologue_bridge.dialogue.05,廊桥,开场对话,序章·风雨廊桥,字是门，走过这里的人才是屋里的灯。去看看断檐、桥心和桥栏，你会知道该留下什么。,字是门，走过这里的人才是屋里的灯。去看看断檐、桥心和桥栏，你会知道该留下什么。,,,prologue_bridge_dialogue_05.wav,08-廊桥/005-prologue_bridge.dialogue.05.txt,39
6,prologue_bridge.dialogue.06,拓印师,开场对话,序章·风雨廊桥,好。我先听你说完，再落笔。,好。我先听你说完，再落笔。,,,prologue_bridge_dialogue_06.wav,02-拓印师/006-prologue_bridge.dialogue.06.txt,13
7,prologue_bridge.clue.01,旁白,调查线索,序章·风雨廊桥,断檐下面留着一块干燥的地方。桥曾替赶路的人遮雨，而不仅是让他们过河。,断檐下面留着一块干燥的地方。桥曾替赶路的人遮雨，而不仅是让他们过河。,,,prologue_bridge_clue_01.wav,01-旁白/007-prologue_bridge.clue.01.txt,34
8,prologue_bridge.clue.02,旁白,调查线索,序章·风雨廊桥,刻痕里压着许多细小补笔。‘平安’不是一人写成，而是一代代行人续上的祝愿。,刻痕里压着许多细小补笔。平安不是一人写成，而是一代代行人续上的祝愿。,是,‘’,prologue_bridge_clue_02.wav,01-旁白/008-prologue_bridge.clue.02.txt,34
9,prologue_bridge.clue.03,旁白,调查线索,序章·风雨廊桥,桥栏磨出了孩子手掌的高度。送别的人总在这里等，直到远处有人挥手。,桥栏磨出了孩子手掌的高度。送别的人总在这里等，直到远处有人挥手。,,,prologue_bridge_clue_03.wav,01-旁白/009-prologue_bridge.clue.03.txt,32
10,prologue_bridge.beat.01,拓印师,调查呓语,序章·风雨廊桥,我的名字也被雨洗掉了吗？,我的名字也被雨洗掉了吗。,是,？,prologue_bridge_beat_01.wav,02-拓印师/010-prologue_bridge.beat.01.txt,12
11,prologue_bridge.beat.02,廊桥,调查呓语,序章·风雨廊桥,名字可以慢慢找。先帮我记住两个字——平安。桥栏已经快认不出回家的脚步了。,名字可以慢慢找。先帮我记住两个字，平安。桥栏已经快认不出回家的脚步了。,是,—,prologue_bridge_beat_02.wav,08-廊桥/011-prologue_bridge.beat.02.txt,35
12,prologue_bridge.beat.03,拓印师,调查呓语,序章·风雨廊桥,只要把字重新写上，你就会好起来？,只要把字重新写上，你就会好起来。,是,？,prologue_bridge_beat_03.wav,02-拓印师/012-prologue_bridge.beat.03.txt,16
13,prologue_bridge.before_battle.01,廊桥,战前对话,序章·风雨廊桥,白蚀正扑向刚显影的刻字。别急，先用斗拱承住，再挥墨驱散它。,白蚀正扑向刚显影的刻字。别急，先用斗拱承住，再挥墨驱散它。,,,prologue_bridge_before_battle.wav,08-廊桥/013-prologue_bridge.before_battle.01.txt,29
14,prologue_bridge.keep_response.01,廊桥,记住回应,序章·风雨廊桥,你记住的不是我的年岁，是有人盼着归来。斗拱的力，借你撑下一程。,你记住的不是我的年岁，是有人盼着归来。斗拱的力，借你撑下一程。,,,prologue_bridge_keep.wav,08-廊桥/014-prologue_bridge.keep_response.01.txt,31
15,prologue_bridge.forget_response.01,廊桥,遗忘回应,序章·风雨廊桥,你也许忘了谁曾在这里等候，但学会的守护还留在手里。,你也许忘了谁曾在这里等候，但学会的守护还留在手里。,,,prologue_bridge_forget.wav,08-廊桥/015-prologue_bridge.forget_response.01.txt,25
16,prologue_bridge.outro.01,旁白,事件结语,序章·风雨廊桥,你把‘平安’收入檐下谱，桥栏重新染上旧木的暖色。雾后露出一条山路，路尽头的社庙正传来细弱的咳声。,你把平安收入檐下谱，桥栏重新染上旧木的暖色。雾后露出一条山路，路尽头的社庙正传来细弱的咳声。,是,‘’,prologue_bridge_outro.wav,01-旁白/016-prologue_bridge.outro.01.txt,46
17,prologue_bridge.echo.01,墨灵回声,墨灵回声,序章·风雨廊桥,桥记着每一次送别与归来。,桥记着每一次送别与归来。,,,yan_ping_an.wav,05-墨灵回声/017-prologue_bridge.echo.01.txt,12
18,temple_incense.dialogue.01,檐下谱,开场对话,第一章·社庙,社庙正殿的主梁悬在半空。梁下并排放着几只大小不同的旧碗。,社庙正殿的主梁悬在半空。梁下并排放着几只大小不同的旧碗。,,,temple_incense_dialogue_01.wav,03-檐下谱/018-temple_incense.dialogue.01.txt,28
19,temple_incense.dialogue.02,社庙,开场对话,第一章·社庙,他们凑不出一根好木头，就把各家的余料抬来。那年春社，屋顶总算没有漏雨。,他们凑不出一根好木头，就把各家的余料抬来。那年春社，屋顶总算没有漏雨。,,,temple_incense_dialogue_02.wav,04-社庙/019-temple_incense.dialogue.02.txt,35
20,temple_incense.dialogue.03,拓印师,开场对话,第一章·社庙,我以为你记着的是香火。,我以为你记着的是香火。,,,temple_incense_dialogue_03.wav,02-拓印师/020-temple_incense.dialogue.03.txt,11
21,temple_incense.dialogue.04,社庙,开场对话,第一章·社庙,也记着。可香下面，是来修屋顶的人。别只擦亮香炉，抬头看看梁。,也记着。可香下面，是来修屋顶的人。别只擦亮香炉，抬头看看梁。,,,temple_incense_dialogue_04.wav,04-社庙/021-temple_incense.dialogue.04.txt,30
22,temple_incense.dialogue.05,拓印师,开场对话,第一章·社庙,榫口还在，按左、中、右的承重点归位，就能撑起来。,榫口还在，按左、中、右的承重点归位，就能撑起来。,,,temple_incense_dialogue_05.wav,02-拓印师/022-temple_incense.dialogue.05.txt,24
23,temple_incense.dialogue.06,社庙,开场对话,第一章·社庙,替我把这份齐心记住。香可以再点，肯一起动手的人不该被忘掉。,替我把这份齐心记住。香可以再点，肯一起动手的人不该被忘掉。,,,temple_incense_dialogue_06.wav,04-社庙/023-temple_incense.dialogue.06.txt,29
24,temple_incense.clue.01,旁白,调查线索,第一章·社庙,倾倒香炉下有一圈新旧不同的灰。有人在村子渐空后仍回来看过。,倾倒香炉下有一圈新旧不同的灰。有人在村子渐空后仍回来看过。,,,temple_incense_clue_01.wav,01-旁白/024-temple_incense.clue.01.txt,29
25,temple_incense.clue.02,旁白,调查线索,第一章·社庙,三道榫口由浅至深分布：先左、再中、最后右。受力靠咬合，而不靠把木头硬钉在一起。,三道榫口由浅至深分布，先左、再中、最后右。受力靠咬合，而不靠把木头硬钉在一起。,是,：,temple_incense_clue_02.wav,01-旁白/025-temple_incense.clue.02.txt,39
26,temple_incense.clue.03,旁白,调查线索,第一章·社庙,供桌背面刻着捐木、送饭、搬石的记号，没有哪一笔比另一笔更大。,供桌背面刻着捐木、送饭、搬石的记号，没有哪一笔比另一笔更大。,,,temple_incense_clue_03.wav,01-旁白/026-temple_incense.clue.03.txt,30
27,temple_incense.beat.01,社庙,调查呓语,第一章·社庙,他们凑不出一根好木头，就把各家的余料抬来。那年春社，屋顶总算没有漏雨。,他们凑不出一根好木头，就把各家的余料抬来。那年春社，屋顶总算没有漏雨。,,,temple_incense_beat_01.wav,04-社庙/027-temple_incense.beat.01.txt,35
28,temple_incense.beat.02,拓印师,调查呓语,第一章·社庙,我以为你记着的是香火。,我以为你记着的是香火。,,,temple_incense_beat_02.wav,02-拓印师/028-temple_incense.beat.02.txt,11
29,temple_incense.beat.03,社庙,调查呓语,第一章·社庙,也记着。可香下面，是来修屋顶的人。别只擦亮香炉，抬头看看梁。,也记着。可香下面，是来修屋顶的人。别只擦亮香炉，抬头看看梁。,,,temple_incense_beat_03.wav,04-社庙/029-temple_incense.beat.03.txt,30
30,temple_incense.before_battle.01,社庙,战前对话,第一章·社庙,梁刚稳住，白蚀还在拉扯榫口。用斗拱守住承重点。,梁刚稳住，白蚀还在拉扯榫口。用斗拱守住承重点。,,,temple_incense_before_battle.wav,04-社庙/030-temple_incense.before_battle.01.txt,23
31,temple_incense.keep_response.01,社庙,记住回应,第一章·社庙,承住一座屋的，从来不只一根梁。你愿意记住他们，香就没有断。,承住一座屋的，从来不只一根梁。你愿意记住他们，香就没有断。,,,temple_incense_keep.wav,04-社庙/031-temple_incense.keep_response.01.txt,29
32,temple_incense.forget_response.01,社庙,遗忘回应,第一章·社庙,谱页腾出了位置。被放下的人仍曾来过，账册会替你记下这次取舍。,谱页腾出了位置。被放下的人仍曾来过，账册会替你记下这次取舍。,,,temple_incense_forget.wav,04-社庙/032-temple_incense.forget_response.01.txt,30
33,temple_incense.outro.01,旁白,事件结语,第一章·社庙,三块构件依次扣合，悬梁终于落稳。你没有凭空点起香火，只扶正了香炉。侧厢忽然传来一句：饭凉了，也请进来坐。,三块构件依次扣合，悬梁终于落稳。你没有凭空点起香火，只扶正了香炉。侧厢忽然传来一句，饭凉了，也请进来坐。,是,：,temple_incense_outro.wav,01-旁白/033-temple_incense.outro.01.txt,52
34,temple_incense.echo.01,墨灵回声,墨灵回声,第一章·社庙,一炷香把一村人的愿望托给屋梁。,一炷香把一村人的愿望托给屋梁。,,,she_cheng_xiang.wav,05-墨灵回声/034-temple_incense.echo.01.txt,15
35,temple_guest.dialogue.01,檐下谱,开场对话,第一章·社庙,侧厢门楣缺了一个字，只剩‘□安’。半碗冷饭旁叠着一件补过的蓑衣。,侧厢门楣缺了一个字，只剩，安。半碗冷饭旁叠着一件补过的蓑衣。,是,‘’□,temple_guest_dialogue_01.wav,03-檐下谱/035-temple_guest.dialogue.01.txt,30
36,temple_guest.dialogue.02,社庙·客声,开场对话,第一章·社庙,那夜我浑身是雨，不敢跨过门槛。他却先把碗推了过来。,那夜我浑身是雨，不敢跨过门槛。他却先把碗推了过来。,,,temple_guest_dialogue_02.wav,10-社庙·客声/036-temple_guest.dialogue.02.txt,25
37,temple_guest.dialogue.03,拓印师,开场对话,第一章·社庙,他认得你吗？,他认得你吗。,是,？,temple_guest_dialogue_03.wav,02-拓印师/037-temple_guest.dialogue.03.txt,6
38,temple_guest.dialogue.04,社庙·客声,开场对话,第一章·社庙,不认得。庙祝说，先让人安下心，才问他从哪里来。,不认得。庙祝说，先让人安下心，才问他从哪里来。,,,temple_guest_dialogue_04.wav,10-社庙·客声/038-temple_guest.dialogue.04.txt,23
39,temple_guest.dialogue.05,拓印师,开场对话,第一章·社庙,不是热闹的平安，是让陌生人也能宁静下来。缺的是‘宁’。,不是热闹的平安，是让陌生人也能宁静下来。缺的是宁。,是,‘’,temple_guest_dialogue_05.wav,02-拓印师/039-temple_guest.dialogue.05.txt,25
40,temple_guest.dialogue.06,社庙,开场对话,第一章·社庙,把它拓好吧。以后谁路过，都该知道这道门没有关。,把它拓好吧。以后谁路过，都该知道这道门没有关。,,,temple_guest_dialogue_06.wav,04-社庙/040-temple_guest.dialogue.06.txt,23
41,temple_guest.clue.01,旁白,调查线索,第一章·社庙,旧碗边有两双筷子的磨痕。那碗饭曾被分成两份。,旧碗边有两双筷子的磨痕。那碗饭曾被分成两份。,,,temple_guest_clue_01.wav,01-旁白/041-temple_guest.clue.01.txt,22
42,temple_guest.clue.02,旁白,调查线索,第一章·社庙,蓑衣补丁缝得很密，却没有留下主人的名字。这里的照料不以相识为条件。,蓑衣补丁缝得很密，却没有留下主人的名字。这里的照料不以相识为条件。,,,temple_guest_clue_02.wav,01-旁白/042-temple_guest.clue.02.txt,33
43,temple_guest.clue.03,旁白,调查线索,第一章·社庙,门内残纸写着‘心宁而后身安’。缺字的答案就在待客的心意里。,门内残纸写着心宁而后身安。缺字的答案就在待客的心意里。,是,‘’,temple_guest_clue_03.wav,01-旁白/043-temple_guest.clue.03.txt,27
44,temple_guest.beat.01,社庙·客声,调查呓语,第一章·社庙,那夜我浑身是雨，不敢跨过门槛。他却先把碗推了过来。,那夜我浑身是雨，不敢跨过门槛。他却先把碗推了过来。,,,temple_guest_beat_01.wav,10-社庙·客声/044-temple_guest.beat.01.txt,25
45,temple_guest.beat.02,拓印师,调查呓语,第一章·社庙,他认得你吗？,他认得你吗。,是,？,temple_guest_beat_02.wav,02-拓印师/045-temple_guest.beat.02.txt,6
46,temple_guest.beat.03,社庙·客声,调查呓语,第一章·社庙,不认得。庙祝说，先让人安下心，才问他从哪里来。,不认得。庙祝说，先让人安下心，才问他从哪里来。,,,temple_guest_beat_03.wav,10-社庙·客声/046-temple_guest.beat.03.txt,23
47,temple_guest.before_battle.01,旁白,战前对话,第一章·社庙,守住檐下这份安宁。,守住檐下这份安宁。,,,temple_guest_before_battle.wav,01-旁白/047-temple_guest.before_battle.01.txt,9
48,temple_guest.keep_response.01,社庙·客声,记住回应,第一章·社庙,记住这一点暖，就够我走过后来的长路。藻井的清明交给你。,记住这一点暖，就够我走过后来的长路。藻井的清明交给你。,,,temple_guest_keep.wav,10-社庙·客声/048-temple_guest.keep_response.01.txt,27
49,temple_guest.forget_response.01,社庙·客声,遗忘回应,第一章·社庙,你不再记得我的声音，也别忘了在别人淋雨时留一处屋檐。,你不再记得我的声音，也别忘了在别人淋雨时留一处屋檐。,,,temple_guest_forget.wav,10-社庙·客声/049-temple_guest.forget_response.01.txt,26
50,temple_guest.outro.01,旁白,事件结语,第一章·社庙,‘宁安’回到门楣，冷饭的记忆升起一点温热。前坪有孩子敲着空碗喊：开社啦——可回应他的鼓声，迟迟没有响起。,宁安回到门楣，冷饭的记忆升起一点温热。前坪有孩子敲着空碗喊，开社啦，可回应他的鼓声，迟迟没有响起。,是,—‘’：,temple_guest_outro.wav,01-旁白/050-temple_guest.outro.01.txt,49
51,temple_guest.echo.01,墨灵回声,墨灵回声,第一章·社庙,檐下不拒客，一碗冷饭也分半碗。,檐下不拒客，一碗冷饭也分半碗。,,,she_ning_an.wav,05-墨灵回声/051-temple_guest.echo.01.txt,15
52,temple_drum.dialogue.01,檐下谱,开场对话,第一章·社庙,前坪的社鼓蒙着白斑。槌柄上缠着一截褪色红绳，树下有深浅不同的脚印。,前坪的社鼓蒙着白斑。槌柄上缠着一截褪色红绳，树下有深浅不同的脚印。,,,temple_drum_dialogue_01.wav,03-檐下谱/052-temple_drum.dialogue.01.txt,33
53,temple_drum.dialogue.02,社庙·童声,开场对话,第一章·社庙,大家说我太小，敲不响鼓。我就在边上数：一、二、三！,大家说我太小，敲不响鼓。我就在边上数，一、二、三。,是,！：,temple_drum_dialogue_02.wav,13-社庙·童声/053-temple_drum.dialogue.02.txt,25
54,temple_drum.dialogue.03,拓印师,开场对话,第一章·社庙,你等的是春天，还是一起回来的人？,你等的是春天，还是一起回来的人。,是,？,temple_drum_dialogue_03.wav,02-拓印师/054-temple_drum.dialogue.03.txt,16
55,temple_drum.dialogue.04,社庙·童声,开场对话,第一章·社庙,都有。鼓一响，卖糖的、唱戏的、在外做工的，就都挤进院子了。,都有。鼓一响，卖糖的、唱戏的、在外做工的，就都挤进院子了。,,,temple_drum_dialogue_04.wav,13-社庙·童声/055-temple_drum.dialogue.04.txt,29
56,temple_drum.dialogue.05,社庙,开场对话,第一章·社庙,白蚀遮住了纹样。先用藻井洗去灰白，再沿旧墨线拓印。,白蚀遮住了纹样。先用藻井洗去灰白，再沿旧墨线拓印。,,,temple_drum_dialogue_05.wav,04-社庙/056-temple_drum.dialogue.05.txt,25
57,temple_drum.dialogue.06,拓印师,开场对话,第一章·社庙,这回不用等谁来敲第一下。我们一起。,这回不用等谁来敲第一下。我们一起。,,,temple_drum_dialogue_06.wav,02-拓印师/057-temple_drum.dialogue.06.txt,17
58,temple_drum.clue.01,旁白,调查线索,第一章·社庙,鼓面白斑下面藏着回旋纹，说明纹样仍在，先净化才能看清。,鼓面白斑下面藏着回旋纹，说明纹样仍在，先净化才能看清。,,,temple_drum_clue_01.wav,01-旁白/058-temple_drum.clue.01.txt,27
59,temple_drum.clue.02,旁白,调查线索,第一章·社庙,红绳打成三个结，孩子曾用它记鼓点，也记归来的人数。,红绳打成三个结，孩子曾用它记鼓点，也记归来的人数。,,,temple_drum_clue_02.wav,01-旁白/059-temple_drum.clue.02.txt,25
60,temple_drum.clue.03,旁白,调查线索,第一章·社庙,树下的旧脚印绕鼓成圈。春社是人重新相聚的日子。,树下的旧脚印绕鼓成圈。春社是人重新相聚的日子。,,,temple_drum_clue_03.wav,01-旁白/060-temple_drum.clue.03.txt,23
61,temple_drum.beat.01,社庙·童声,调查呓语,第一章·社庙,大家说我太小，敲不响鼓。我就在边上数：一、二、三！,大家说我太小，敲不响鼓。我就在边上数，一、二、三。,是,！：,temple_drum_beat_01.wav,13-社庙·童声/061-temple_drum.beat.01.txt,25
62,temple_drum.beat.02,拓印师,调查呓语,第一章·社庙,你等的是春天，还是一起回来的人？,你等的是春天，还是一起回来的人。,是,？,temple_drum_beat_02.wav,02-拓印师/062-temple_drum.beat.02.txt,16
63,temple_drum.beat.03,社庙·童声,调查呓语,第一章·社庙,都有。鼓一响，卖糖的、唱戏的、在外做工的，就都挤进院子了。,都有。鼓一响，卖糖的、唱戏的、在外做工的，就都挤进院子了。,,,temple_drum_beat_03.wav,13-社庙·童声/063-temple_drum.beat.03.txt,29
64,temple_drum.before_battle.01,社庙,战前对话,第一章·社庙,鼓声把白蚀引来了。施展藻井净化，再用挥墨护住鼓面。,鼓声把白蚀引来了。施展藻井净化，再用挥墨护住鼓面。,,,temple_drum_before_battle.wav,04-社庙/064-temple_drum.before_battle.01.txt,25
65,temple_drum.keep_response.01,社庙·童声,记住回应,第一章·社庙,听见了吗？这一次，我也敲响了！,听见了吗。这一次，我也敲响了。,是,！？,temple_drum_keep.wav,13-社庙·童声/065-temple_drum.keep_response.01.txt,15
66,temple_drum.forget_response.01,社庙,遗忘回应,第一章·社庙,新鼓声响起，旧声音渐远。你失去一段私人的回声，却没有失去继续守护的手艺。,新鼓声响起，旧声音渐远。你失去一段私人的回声，却没有失去继续守护的手艺。,,,temple_drum_forget.wav,04-社庙/066-temple_drum.forget_response.01.txt,36
67,temple_drum.outro.01,旁白,事件结语,第一章·社庙,鼓声越过空院，枝头红绳轻晃。檐下谱多展开一格，心舍可以容纳六道记忆。远处戏楼以一声锣响回应，仿佛有人终于等到开场。,鼓声越过空院，枝头红绳轻晃。檐下谱多展开一格，心舍可以容纳六道记忆。远处戏楼以一声锣响回应，仿佛有人终于等到开场。,,,temple_drum_outro.wav,01-旁白/067-temple_drum.outro.01.txt,57
68,temple_drum.chapter_outro.01,旁白,章末结语,第一章·社庙,东南方传来若有若无的锣鼓声。呓语：‘戏楼要开场了。可是那锣鼓，怎么越敲越远……’,东南方传来若有若无的锣鼓声。呓语，戏楼要开场了。可是那锣鼓，怎么越敲越远，,是,‘’…：,temple_drum_chapter_outro.wav,01-旁白/068-temple_drum.chapter_outro.01.txt,37
69,temple_drum.echo.01,墨灵回声,墨灵回声,第一章·社庙,鼓声唤回春社，也唤回孩子们的脚步。,鼓声唤回春社，也唤回孩子们的脚步。,,,she_hui_chun.wav,05-墨灵回声/069-temple_drum.echo.01.txt,17
70,opera_opening.dialogue.01,檐下谱,开场对话,第二章·戏楼,戏楼里只亮着一盏台灯。水袖从行头箱垂下，锣鼓声总少了半拍。,戏楼里只亮着一盏台灯。水袖从行头箱垂下，锣鼓声总少了半拍。,,,opera_opening_dialogue_01.wav,03-檐下谱/070-opera_opening.dialogue.01.txt,29
71,opera_opening.dialogue.02,戏楼,开场对话,第二章·戏楼,台上的人以为没人来了，不肯开嗓。台下的人以为不开戏了，也不肯落座。,台上的人以为没人来了，不肯开嗓。台下的人以为不开戏了，也不肯落座。,,,opera_opening_dialogue_02.wav,07-戏楼/071-opera_opening.dialogue.02.txt,33
72,opera_opening.dialogue.03,拓印师,开场对话,第二章·戏楼,总得有人先开口。,总得有人先开口。,,,opera_opening_dialogue_03.wav,02-拓印师/072-opera_opening.dialogue.03.txt,8
73,opera_opening.dialogue.04,戏楼·旦角回声,开场对话,第二章·戏楼,我是旦角，不是箱上那块褪色的标签。先替我找回水袖，再把唱腔里的行墨拓下来。,我是旦角，不是箱上那块褪色的标签。先替我找回水袖，再把唱腔里的行墨拓下来。,,,opera_opening_dialogue_04.wav,16-戏楼·旦角回声/073-opera_opening.dialogue.04.txt,37
74,opera_opening.dialogue.05,拓印师,开场对话,第二章·戏楼,你最想唱给谁听？,你最想唱给谁听。,是,？,opera_opening_dialogue_05.wav,02-拓印师/074-opera_opening.dialogue.05.txt,8
75,opera_opening.dialogue.06,戏楼·旦角回声,开场对话,第二章·戏楼,唱给愿意停下的人。哪怕台下只有一人，这一声也该完整。,唱给愿意停下的人。哪怕台下只有一人，这一声也该完整。,,,opera_opening_dialogue_06.wav,16-戏楼·旦角回声/075-opera_opening.dialogue.06.txt,26
76,opera_opening.clue.01,旁白,调查线索,第二章·戏楼,水袖柔长，旁边的戏单还辨得‘旦’字。角色线索来自行头与戏单。,水袖柔长，旁边的戏单还辨得旦字。角色线索来自行头与戏单。,是,‘’,opera_opening_clue_01.wav,01-旁白/076-opera_opening.clue.01.txt,28
77,opera_opening.clue.02,旁白,调查线索,第二章·戏楼,锣边磨出一个小小缺口，许多代开场都敲在同一处。,锣边磨出一个小小缺口，许多代开场都敲在同一处。,,,opera_opening_clue_02.wav,01-旁白/077-opera_opening.clue.02.txt,23
78,opera_opening.clue.03,旁白,调查线索,第二章·戏楼,台口记着一段起落墨线，唱腔虽散，行腔的节奏还在。,台口记着一段起落墨线，唱腔虽散，行腔的节奏还在。,,,opera_opening_clue_03.wav,01-旁白/078-opera_opening.clue.03.txt,24
79,opera_opening.beat.01,戏楼,调查呓语,第二章·戏楼,台上的人以为没人来了，不肯开嗓。台下的人以为不开戏了，也不肯落座。,台上的人以为没人来了，不肯开嗓。台下的人以为不开戏了，也不肯落座。,,,opera_opening_beat_01.wav,07-戏楼/079-opera_opening.beat.01.txt,33
80,opera_opening.beat.02,拓印师,调查呓语,第二章·戏楼,总得有人先开口。,总得有人先开口。,,,opera_opening_beat_02.wav,02-拓印师/080-opera_opening.beat.02.txt,8
81,opera_opening.beat.03,戏楼·旦角回声,调查呓语,第二章·戏楼,我是旦角，不是箱上那块褪色的标签。先替我找回水袖，再把唱腔里的行墨拓下来。,我是旦角，不是箱上那块褪色的标签。先替我找回水袖，再把唱腔里的行墨拓下来。,,,opera_opening_beat_03.wav,16-戏楼·旦角回声/081-opera_opening.beat.03.txt,37
82,opera_opening.before_battle.01,戏楼,战前对话,第二章·戏楼,白蚀吞掉了台口的回声。施展飞檐破开灰幕，再让唱腔回到台上。,白蚀吞掉了台口的回声。施展飞檐破开灰幕，再让唱腔回到台上。,,,opera_opening_before_battle.wav,07-戏楼/082-opera_opening.before_battle.01.txt,29
83,opera_opening.keep_response.01,戏楼,记住回应,第二章·戏楼,飞檐把一口气送得更远。接住它，也替台下的人留一个座位。,飞檐把一口气送得更远。接住它，也替台下的人留一个座位。,,,opera_opening_keep.wav,07-戏楼/083-opera_opening.keep_response.01.txt,27
84,opera_opening.forget_response.01,戏楼,遗忘回应,第二章·戏楼,你放下了旧回声。没有人能独自装下整座戏楼，唱过的这一声会留在账册。,你放下了旧回声。没有人能独自装下整座戏楼，唱过的这一声会留在账册。,,,opera_opening_forget.wav,07-戏楼/084-opera_opening.forget_response.01.txt,33
85,opera_opening.outro.01,旁白,事件结语,第二章·戏楼,开场锣终于落在完整的一拍上。你抬头看见二楼空座间浮出一点灯火，后台的旧戏服却轻轻落泪：还有半句绝唱，没人敢接。,开场锣终于落在完整的一拍上。你抬头看见二楼空座间浮出一点灯火，后台的旧戏服却轻轻落泪，还有半句绝唱，没人敢接。,是,：,opera_opening_outro.wav,01-旁白/085-opera_opening.outro.01.txt,55
86,opera_opening.first_clear.01,旁白,首通呓语,第二章·戏楼,锣敲对了。台下多了一个人——他从头到尾没有鼓掌，只在最后轻声问了一句。,锣敲对了。台下多了一个人，他从头到尾没有鼓掌，只在最后轻声问了一句。,是,—,opera_opening_first_clear.wav,01-旁白/086-opera_opening.first_clear.01.txt,34
87,opera_opening.echo.01,墨灵回声,墨灵回声,第二章·戏楼,一腔唱尽台上台下的悲欢。,一腔唱尽台上台下的悲欢。,,,xi_xing_qiang.wav,05-墨灵回声/087-opera_opening.echo.01.txt,12
88,opera_master.dialogue.01,檐下谱,开场对话,第二章·戏楼,后台并排放着一双大戏鞋和一双小戏鞋。布景散落，旧戏服仍朝着台口。,后台并排放着一双大戏鞋和一双小戏鞋。布景散落，旧戏服仍朝着台口。,,,opera_master_dialogue_01.wav,03-檐下谱/088-opera_master.dialogue.01.txt,32
89,opera_master.dialogue.02,戏楼·师父回声,开场对话,第二章·戏楼,他们只想记住我最响亮的一声，却不肯留下孩子唱错的那一句。,他们只想记住我最响亮的一声，却不肯留下孩子唱错的那一句。,,,opera_master_dialogue_02.wav,12-戏楼·师父回声/089-opera_master.dialogue.02.txt,28
90,opera_master.dialogue.03,拓印师,开场对话,第二章·戏楼,因为那句不够好听？,因为那句不够好听。,是,？,opera_master_dialogue_03.wav,02-拓印师/090-opera_master.dialogue.03.txt,9
91,opera_master.dialogue.04,戏楼·师父回声,开场对话,第二章·戏楼,可我把最后一口气，用来教他接下一句。若只剩我的绝唱，这门手艺便到我为止。,可我把最后一口气，用来教他接下一句。若只剩我的绝唱，这门手艺便到我为止。,,,opera_master_dialogue_04.wav,12-戏楼·师父回声/091-opera_master.dialogue.04.txt,36
92,opera_master.dialogue.05,拓印师,开场对话,第二章·戏楼,我会把梅字台步与中央布景归好，也记住那个还在学的人。,我会把梅字台步与中央布景归好，也记住那个还在学的人。,,,opera_master_dialogue_05.wav,02-拓印师/092-opera_master.dialogue.05.txt,26
93,opera_master.dialogue.06,戏楼,开场对话,第二章·戏楼,谱页有限，抉择会痛。但别把‘不完美’误认成‘不值得’。,谱页有限，抉择会痛。但别把不完美误认成不值得。,是,‘’,opera_master_dialogue_06.wav,07-戏楼/093-opera_master.dialogue.06.txt,23
94,opera_master.clue.01,旁白,调查线索,第二章·戏楼,师父在地上画了一枝梅，弟子的台步总从‘梅’位起。,师父在地上画了一枝梅，弟子的台步总从梅位起。,是,‘’,opera_master_clue_01.wav,01-旁白/094-opera_master.clue.01.txt,22
95,opera_master.clue.02,旁白,调查线索,第二章·戏楼,中央布景留出一扇门，让后来的人可以登台。,中央布景留出一扇门，让后来的人可以登台。,,,opera_master_clue_02.wav,01-旁白/095-opera_master.clue.02.txt,20
96,opera_master.clue.03,旁白,调查线索,第二章·戏楼,小戏鞋边的墨迹被改过许多次。练习的痕迹也是传承的一部分。,小戏鞋边的墨迹被改过许多次。练习的痕迹也是传承的一部分。,,,opera_master_clue_03.wav,01-旁白/096-opera_master.clue.03.txt,28
97,opera_master.beat.01,戏楼·师父回声,调查呓语,第二章·戏楼,他们只想记住我最响亮的一声，却不肯留下孩子唱错的那一句。,他们只想记住我最响亮的一声，却不肯留下孩子唱错的那一句。,,,opera_master_beat_01.wav,12-戏楼·师父回声/097-opera_master.beat.01.txt,28
98,opera_master.beat.02,拓印师,调查呓语,第二章·戏楼,因为那句不够好听？,因为那句不够好听。,是,？,opera_master_beat_02.wav,02-拓印师/098-opera_master.beat.02.txt,9
99,opera_master.beat.03,戏楼·师父回声,调查呓语,第二章·戏楼,可我把最后一口气，用来教他接下一句。若只剩我的绝唱，这门手艺便到我为止。,可我把最后一口气，用来教他接下一句。若只剩我的绝唱，这门手艺便到我为止。,,,opera_master_beat_03.wav,12-戏楼·师父回声/099-opera_master.beat.03.txt,36
100,opera_master.before_battle.01,戏楼,战前对话,第二章·戏楼,护住通向后台的门。用飞檐驱散白蚀，给后来的人留出登台的位置。,护住通向后台的门。用飞檐驱散白蚀，给后来的人留出登台的位置。,,,opera_master_before_battle.wav,07-戏楼/100-opera_master.before_battle.01.txt,30
101,opera_master.keep_response.01,戏楼·师父回声,记住回应,第二章·戏楼,别替他唱完。听他慢慢学，会有他自己的声音。,别替他唱完。听他慢慢学，会有他自己的声音。,,,opera_master_keep.wav,12-戏楼·师父回声/101-opera_master.keep_response.01.txt,21
102,opera_master.forget_response.01,戏楼,遗忘回应,第二章·戏楼,一页旧声退去了。你亲手做过的选择，比一张无瑕的谱更需要被诚实记下。,一页旧声退去了。你亲手做过的选择，比一张无瑕的谱更需要被诚实记下。,,,opera_master_forget.wav,07-戏楼/102-opera_master.forget_response.01.txt,33
103,opera_master.outro.01,旁白,事件结语,第二章·戏楼,你没有让绝唱永远循环，而是替它接上了一句尚显稚嫩的新声。通往石牌坊的门打开了，门后有人问：一座留名的坊，为什么没有匠人的名字？,你没有让绝唱永远循环，而是替它接上了一句尚显稚嫩的新声。通往石牌坊的门打开了，门后有人问，一座留名的坊，为什么没有匠人的名字。,是,：？,opera_master_outro.wav,01-旁白/103-opera_master.outro.01.txt,63
104,opera_master.first_clear.01,旁白,首通呓语,第二章·戏楼,唱完了。……为什么要演奏春日影？,唱完了。，为什么要演奏春日影。,是,…？,opera_master_first_clear.wav,01-旁白/104-opera_master.first_clear.01.txt,15
105,opera_master.echo.01,墨灵回声,墨灵回声,第二章·戏楼,记住绝唱，就要面对被抹去的童年社戏。,记住绝唱，就要面对被抹去的童年社戏。,,,xi_jue_chang.wav,05-墨灵回声/105-opera_master.echo.01.txt,18
106,archway_form.dialogue.01,檐下谱,开场对话,第三章·牌坊,牌坊横跨旧道，碑额上的名字十分清楚，柱脚的凿痕却几乎消失。,牌坊横跨旧道，碑额上的名字十分清楚，柱脚的凿痕却几乎消失。,,,archway_form_dialogue_01.wav,03-檐下谱/106-archway_form.dialogue.01.txt,29
107,archway_form.dialogue.02,牌坊,开场对话,第三章·牌坊,路过的人总仰头念名字，很少低头看我怎么站着。,路过的人总仰头念名字，很少低头看我怎么站着。,,,archway_form_dialogue_02.wav,06-牌坊/107-archway_form.dialogue.02.txt,22
108,archway_form.dialogue.03,拓印师,开场对话,第三章·牌坊,四根柱子，三处开间。把中央构件归位，重量才传得到两侧。,四根柱子，三处开间。把中央构件归位，重量才传得到两侧。,,,archway_form_dialogue_03.wav,02-拓印师/108-archway_form.dialogue.03.txt,27
109,archway_form.dialogue.04,牌坊,开场对话,第三章·牌坊,你看见规制了。再往下看，石脚背面有一排没有署名的手印。,你看见规制了。再往下看，石脚背面有一排没有署名的手印。,,,archway_form_dialogue_04.wav,06-牌坊/109-archway_form.dialogue.04.txt,27
110,archway_form.dialogue.05,拓印师,开场对话,第三章·牌坊,建造它的人，为什么没有自己的位置？,建造它的人，为什么没有自己的位置。,是,？,archway_form_dialogue_05.wav,02-拓印师/110-archway_form.dialogue.05.txt,17
111,archway_form.dialogue.06,牌坊,开场对话,第三章·牌坊,也许他们没来得及写。也许有人觉得不必写。你可以从今天开始读。,也许他们没来得及写。也许有人觉得不必写。你可以从今天开始读。,,,archway_form_dialogue_06.wav,06-牌坊/111-archway_form.dialogue.06.txt,30
112,archway_form.clue.01,旁白,调查线索,第三章·牌坊,柱脚完整保存四个承重点，中间形成三个通道，对应四柱三间。,柱脚完整保存四个承重点，中间形成三个通道，对应四柱三间。,,,archway_form_clue_01.wav,01-旁白/112-archway_form.clue.01.txt,28
113,archway_form.clue.02,旁白,调查线索,第三章·牌坊,中央榫槽磨痕最深，是连接两侧构件的受力节点。,中央榫槽磨痕最深，是连接两侧构件的受力节点。,,,archway_form_clue_02.wav,01-旁白/113-archway_form.clue.02.txt,22
114,archway_form.clue.03,旁白,调查线索,第三章·牌坊,石背留着搬运者的手印，大小不同，没有一只手能独自举起整块石头。,石背留着搬运者的手印，大小不同，没有一只手能独自举起整块石头。,,,archway_form_clue_03.wav,01-旁白/114-archway_form.clue.03.txt,31
115,archway_form.beat.01,牌坊,调查呓语,第三章·牌坊,路过的人总仰头念名字，很少低头看我怎么站着。,路过的人总仰头念名字，很少低头看我怎么站着。,,,archway_form_beat_01.wav,06-牌坊/115-archway_form.beat.01.txt,22
116,archway_form.beat.02,拓印师,调查呓语,第三章·牌坊,四根柱子，三处开间。把中央构件归位，重量才传得到两侧。,四根柱子，三处开间。把中央构件归位，重量才传得到两侧。,,,archway_form_beat_02.wav,02-拓印师/116-archway_form.beat.02.txt,27
117,archway_form.beat.03,牌坊,调查呓语,第三章·牌坊,你看见规制了。再往下看，石脚背面有一排没有署名的手印。,你看见规制了。再往下看，石脚背面有一排没有署名的手印。,,,archway_form_beat_03.wav,06-牌坊/117-archway_form.beat.03.txt,27
118,archway_form.before_battle.01,牌坊,战前对话,第三章·牌坊,白蚀正抹平柱脚手印。施展飞檐越过灰幕，护住承重节点。,白蚀正抹平柱脚手印。施展飞檐越过灰幕，护住承重节点。,,,archway_form_before_battle.wav,06-牌坊/118-archway_form.before_battle.01.txt,26
119,archway_form.keep_response.01,牌坊,记住回应,第三章·牌坊,你记住了无名者，石头才不只替显赫的人说话。,你记住了无名者，石头才不只替显赫的人说话。,,,archway_form_keep.wav,06-牌坊/119-archway_form.keep_response.01.txt,21
120,archway_form.forget_response.01,牌坊,遗忘回应,第三章·牌坊,旧名字的回声离开了心舍。你仍可以选择把无名者的位置留在世界上。,旧名字的回声离开了心舍。你仍可以选择把无名者的位置留在世界上。,,,archway_form_forget.wav,06-牌坊/120-archway_form.forget_response.01.txt,31
121,archway_form.outro.01,旁白,事件结语,第三章·牌坊,中央构件归位，牌坊重新立稳。柱脚的手印一一显现，其中一只手指向背面的营造刻痕：那里没有名字，却有一套清楚的做法。,中央构件归位，牌坊重新立稳。柱脚的手印一一显现，其中一只手指向背面的营造刻痕，那里没有名字，却有一套清楚的做法。,是,：,archway_form_outro.wav,01-旁白/121-archway_form.outro.01.txt,56
122,archway_form.echo.01,墨灵回声,墨灵回声,第三章·牌坊,无名匠人的手艺也值得被记住。,无名匠人的手艺也值得被记住。,,,fang_wu_ming.wav,05-墨灵回声/122-archway_form.echo.01.txt,14
123,archway_craftsman.dialogue.01,檐下谱,开场对话,第三章·牌坊,背面的营造记录写满尺寸，署名处却空着。凿子与木屑落在石台边。,背面的营造记录写满尺寸，署名处却空着。凿子与木屑落在石台边。,,,archway_craftsman_dialogue_01.wav,03-檐下谱/123-archway_craftsman.dialogue.01.txt,30
124,archway_craftsman.dialogue.02,牌坊·匠人回声,开场对话,第三章·牌坊,若后人知道怎样修它，不知道我的名字，也不算白做。,若后人知道怎样修它，不知道我的名字，也不算白做。,,,archway_craftsman_dialogue_02.wav,09-牌坊·匠人回声/124-archway_craftsman.dialogue.02.txt,24
125,archway_craftsman.dialogue.03,拓印师,开场对话,第三章·牌坊,可我还是想替你补上。,可我还是想替你补上。,,,archway_craftsman_dialogue_03.wav,02-拓印师/125-archway_craftsman.dialogue.03.txt,10
126,archway_craftsman.dialogue.04,牌坊·匠人回声,开场对话,第三章·牌坊,别猜。猜出来的名字会盖住真正的空白。记下你确实看见的手、工具和做法。,别猜。猜出来的名字会盖住真正的空白。记下你确实看见的手、工具和做法。,,,archway_craftsman_dialogue_04.wav,09-牌坊·匠人回声/126-archway_craftsman.dialogue.04.txt,34
127,archway_craftsman.dialogue.05,拓印师,开场对话,第三章·牌坊,用斗拱承住构件，再借飞檐点亮高处刻痕。让别人也能照着修。,用斗拱承住构件，再借飞檐点亮高处刻痕。让别人也能照着修。,,,archway_craftsman_dialogue_05.wav,02-拓印师/127-archway_craftsman.dialogue.05.txt,28
128,archway_craftsman.dialogue.06,牌坊·匠人回声,开场对话,第三章·牌坊,这就对了。传下去的不是一块永不坏的石头，是坏了以后仍有人肯修。,这就对了。传下去的不是一块永不坏的石头，是坏了以后仍有人肯修。,,,archway_craftsman_dialogue_06.wav,09-牌坊·匠人回声/128-archway_craftsman.dialogue.06.txt,31
129,archway_craftsman.clue.01,旁白,调查线索,第三章·牌坊,凿口有三层深浅，显示构件曾被不同的手修过。,凿口有三层深浅，显示构件曾被不同的手修过。,,,archway_craftsman_clue_01.wav,01-旁白/129-archway_craftsman.clue.01.txt,21
130,archway_craftsman.clue.02,旁白,调查线索,第三章·牌坊,尺寸记号相互呼应，低处承重点需要斗拱稳住。,尺寸记号相互呼应，低处承重点需要斗拱稳住。,,,archway_craftsman_clue_02.wav,01-旁白/130-archway_craftsman.clue.02.txt,21
131,archway_craftsman.clue.03,旁白,调查线索,第三章·牌坊,高处刻痕反光微弱，借飞檐的灵动才能让整段记录显影。,高处刻痕反光微弱，借飞檐的灵动才能让整段记录显影。,,,archway_craftsman_clue_03.wav,01-旁白/131-archway_craftsman.clue.03.txt,25
132,archway_craftsman.beat.01,牌坊·匠人回声,调查呓语,第三章·牌坊,若后人知道怎样修它，不知道我的名字，也不算白做。,若后人知道怎样修它，不知道我的名字，也不算白做。,,,archway_craftsman_beat_01.wav,09-牌坊·匠人回声/132-archway_craftsman.beat.01.txt,24
133,archway_craftsman.beat.02,拓印师,调查呓语,第三章·牌坊,可我还是想替你补上。,可我还是想替你补上。,,,archway_craftsman_beat_02.wav,02-拓印师/133-archway_craftsman.beat.02.txt,10
134,archway_craftsman.beat.03,牌坊·匠人回声,调查呓语,第三章·牌坊,别猜。猜出来的名字会盖住真正的空白。记下你确实看见的手、工具和做法。,别猜。猜出来的名字会盖住真正的空白。记下你确实看见的手、工具和做法。,,,archway_craftsman_beat_03.wav,09-牌坊·匠人回声/134-archway_craftsman.beat.03.txt,34
135,archway_craftsman.before_battle.01,牌坊,战前对话,第三章·牌坊,两波白蚀正冲击梁柱。斗拱承重，飞檐破障，把所学连成一次真正的修复。,两波白蚀正冲击梁柱。斗拱承重，飞檐破障，把所学连成一次真正的修复。,,,archway_craftsman_before_battle.wav,06-牌坊/135-archway_craftsman.before_battle.01.txt,33
136,archway_craftsman.keep_response.01,牌坊·匠人回声,记住回应,第三章·牌坊,不必替我编一个响亮的名字。把修它的办法交给下个人。,不必替我编一个响亮的名字。把修它的办法交给下个人。,,,archway_craftsman_keep.wav,09-牌坊·匠人回声/136-archway_craftsman.keep_response.01.txt,25
137,archway_craftsman.forget_response.01,牌坊,遗忘回应,第三章·牌坊,你亲手抹去一页，也看见留下的人并非完整。愿你承认缺口，而不编造补白。,你亲手抹去一页，也看见留下的人并非完整。愿你承认缺口，而不编造补白。,,,archway_craftsman_forget.wav,06-牌坊/137-archway_craftsman.forget_response.01.txt,34
138,archway_craftsman.outro.01,旁白,事件结语,第三章·牌坊,刻痕连成通向七层墨塔的路线。檐下谱扩至七格，却仍装不下所有故事。塔顶传来一个陌生而熟悉的声音：我曾经试过，让世上再无悲伤。,刻痕连成通向七层墨塔的路线。檐下谱扩至七格，却仍装不下所有故事。塔顶传来一个陌生而熟悉的声音，我曾经试过，让世上再无悲伤。,是,：,archway_craftsman_outro.wav,01-旁白/138-archway_craftsman.outro.01.txt,61
139,archway_craftsman.echo.01,墨灵回声,墨灵回声,第三章·牌坊,名字可以被风吹散，手艺留下的结构不会。,名字可以被风吹散，手艺留下的结构不会。,,,fang_jiang_hun.wav,05-墨灵回声/139-archway_craftsman.echo.01.txt,19
140,tower_ascent.dialogue.01,檐下谱,开场对话,第四章·通天塔,墨塔每层都收着被删去的谱页。越往上，纸越白，人的轮廓也越淡。,墨塔每层都收着被删去的谱页。越往上，纸越白，人的轮廓也越淡。,,,tower_ascent_dialogue_01.wav,03-檐下谱/140-tower_ascent.dialogue.01.txt,30
141,tower_ascent.dialogue.02,初代拓印师·塔中回声,开场对话,第四章·通天塔,我抹去战乱，抹去离别，抹去羞耻与失败。我只想让他们不再痛。,我抹去战乱，抹去离别，抹去羞耻与失败。我只想让他们不再痛。,,,tower_ascent_dialogue_02.wav,11-初代拓印师·塔中回声/141-tower_ascent.dialogue.02.txt,29
142,tower_ascent.dialogue.03,拓印师,开场对话,第四章·通天塔,可你也抹去了为什么相助，为什么重建，为什么等一个人回来。,可你也抹去了为什么相助，为什么重建，为什么等一个人回来。,,,tower_ascent_dialogue_03.wav,02-拓印师/142-tower_ascent.dialogue.03.txt,28
143,tower_ascent.dialogue.04,初代拓印师·塔中回声,开场对话,第四章·通天塔,我留下了完好的屋子，为什么里面越来越空？,我留下了完好的屋子，为什么里面越来越空。,是,？,tower_ascent_dialogue_04.wav,11-初代拓印师·塔中回声/143-tower_ascent.dialogue.04.txt,20
144,tower_ascent.dialogue.05,拓印师,开场对话,第四章·通天塔,因为活着的人会难过，也会改变。你替他们删掉了再次选择的来路。,因为活着的人会难过，也会改变。你替他们删掉了再次选择的来路。,,,tower_ascent_dialogue_05.wav,02-拓印师/144-tower_ascent.dialogue.05.txt,30
145,tower_ascent.dialogue.06,墨塔,开场对话,第四章·通天塔,把第一道墨线接回承重点，再净化逆结晶。不要替我辩解，替后来的人打开门。,把第一道墨线接回承重点，再净化逆结晶。不要替我辩解，替后来的人打开门。,,,tower_ascent_dialogue_06.wav,15-墨塔/145-tower_ascent.dialogue.06.txt,35
146,tower_ascent.clue.01,旁白,调查线索,第四章·通天塔,第一层谱页记着灾后重建，灾难被删去后，连伸手相助的缘由也消失了。,第一层谱页记着灾后重建，灾难被删去后，连伸手相助的缘由也消失了。,,,tower_ascent_clue_01.wav,01-旁白/146-tower_ascent.clue.01.txt,32
147,tower_ascent.clue.02,旁白,调查线索,第四章·通天塔,第七层承重线断在纸白处，斗拱能稳住结构，不能替它编造过去。,第七层承重线断在纸白处，斗拱能稳住结构，不能替它编造过去。,,,tower_ascent_clue_02.wav,01-旁白/147-tower_ascent.clue.02.txt,29
148,tower_ascent.clue.03,旁白,调查线索,第四章·通天塔,逆结晶把被删去的情绪压成白蚀。用藻井净化，让记忆重新可以被阅读。,逆结晶把被删去的情绪压成白蚀。用藻井净化，让记忆重新可以被阅读。,,,tower_ascent_clue_03.wav,01-旁白/148-tower_ascent.clue.03.txt,32
149,tower_ascent.beat.01,初代拓印师·塔中回声,调查呓语,第四章·通天塔,我抹去战乱，抹去离别，抹去羞耻与失败。我只想让他们不再痛。,我抹去战乱，抹去离别，抹去羞耻与失败。我只想让他们不再痛。,,,tower_ascent_beat_01.wav,11-初代拓印师·塔中回声/149-tower_ascent.beat.01.txt,29
150,tower_ascent.beat.02,拓印师,调查呓语,第四章·通天塔,可你也抹去了为什么相助，为什么重建，为什么等一个人回来。,可你也抹去了为什么相助，为什么重建，为什么等一个人回来。,,,tower_ascent_beat_02.wav,02-拓印师/150-tower_ascent.beat.02.txt,28
151,tower_ascent.beat.03,初代拓印师·塔中回声,调查呓语,第四章·通天塔,我留下了完好的屋子，为什么里面越来越空？,我留下了完好的屋子，为什么里面越来越空。,是,？,tower_ascent_beat_03.wav,11-初代拓印师·塔中回声/151-tower_ascent.beat.03.txt,20
152,tower_ascent.before_battle.01,墨塔,战前对话,第四章·通天塔,白蚀有三层。用斗拱护住承点、飞檐破开灰幕、藻井净化逆结晶；每种技艺都要在此回应一次。,白蚀有三层。用斗拱护住承点、飞檐破开灰幕、藻井净化逆结晶，每种技艺都要在此回应一次。,是,；,tower_ascent_before_battle.wav,15-墨塔/152-tower_ascent.before_battle.01.txt,42
153,tower_ascent.keep_response.01,初代回声,记住回应,第四章·通天塔,请连我的错误一起记下。别让后来的人只看见一座完好的塔。,请连我的错误一起记下。别让后来的人只看见一座完好的塔。,,,tower_ascent_keep.wav,19-初代回声/153-tower_ascent.keep_response.01.txt,27
154,tower_ascent.forget_response.01,墨塔,遗忘回应,第四章·通天塔,你又做了一次有限的取舍。承认自己无法全知，才不会把个人的谱当成整个世界。,你又做了一次有限的取舍。承认自己无法全知，才不会把个人的谱当成整个世界。,,,tower_ascent_forget.wav,15-墨塔/154-tower_ascent.forget_response.01.txt,36
155,tower_ascent.outro.01,旁白,事件结语,第四章·通天塔,三重白蚀散去，塔心显露一张空桌。初代的声音不再要求原谅，只把笔推向你：这次，由活着的人决定怎样接着写。,三重白蚀散去，塔心显露一张空桌。初代的声音不再要求原谅，只把笔推向你，这次，由活着的人决定怎样接着写。,是,：,tower_ascent_outro.wav,01-旁白/155-tower_ascent.outro.01.txt,51
156,tower_ascent.echo.01,墨灵回声,墨灵回声,第四章·通天塔,初代拓印师为永恒秩序抹去了所有战乱与悲痛。,初代拓印师为永恒秩序抹去了所有战乱与悲痛。,,,tower_origin.wav,05-墨灵回声/156-tower_ascent.echo.01.txt,21
157,tower_ledger.dialogue.01,檐下谱,开场对话,第四章·通天塔,长廊摆着你亲手拓下的记忆，也摆着你亲手放开的空页。两者都没有消失过。,长廊摆着你亲手拓下的记忆，也摆着你亲手放开的空页。两者都没有消失过。,,,tower_ledger_dialogue_01.wav,03-檐下谱/157-tower_ledger.dialogue.01.txt,34
158,tower_ledger.dialogue.02,拓印师,开场对话,第四章·通天塔,我来时想找回自己的名字，后来却一直在替别人留下声音。,我来时想找回自己的名字，后来却一直在替别人留下声音。,,,tower_ledger_dialogue_02.wav,02-拓印师/158-tower_ledger.dialogue.02.txt,26
159,tower_ledger.dialogue.03,廊桥的回声,开场对话,第四章·通天塔,你怎样等人归来，就是你的名字。,你怎样等人归来，就是你的名字。,,,tower_ledger_dialogue_03.wav,17-廊桥的回声/159-tower_ledger.dialogue.03.txt,15
160,tower_ledger.dialogue.04,戏楼的回声,开场对话,第四章·通天塔,你肯听下一句，就是你的名字。,你肯听下一句，就是你的名字。,,,tower_ledger_dialogue_04.wav,18-戏楼的回声/160-tower_ledger.dialogue.04.txt,14
161,tower_ledger.dialogue.05,初代拓印师·塔中回声,开场对话,第四章·通天塔,这支笔不该替所有人决定。你愿意把它交回去吗？,这支笔不该替所有人决定。你愿意把它交回去吗。,是,？,tower_ledger_dialogue_05.wav,11-初代拓印师·塔中回声/161-tower_ledger.dialogue.05.txt,22
162,tower_ledger.dialogue.06,拓印师,开场对话,第四章·通天塔,我会留下能够证实的记忆，也留下空白。愿意接笔的人，请从自己的故事开始。,我会留下能够证实的记忆，也留下空白。愿意接笔的人，请从自己的故事开始。,,,tower_ledger_dialogue_06.wav,02-拓印师/162-tower_ledger.dialogue.06.txt,35
163,tower_ledger.clue.01,旁白,调查线索,第四章·通天塔,记住的拓印仍有颜色，它们是这趟旅程真实携带的部分。,记住的拓印仍有颜色，它们是这趟旅程真实携带的部分。,,,tower_ledger_clue_01.wav,01-旁白/163-tower_ledger.clue.01.txt,25
164,tower_ledger.clue.02,旁白,调查线索,第四章·通天塔,遗忘页的账册没有被擦掉。承认取舍，才能看见自己记忆的边界。,遗忘页的账册没有被擦掉。承认取舍，才能看见自己记忆的边界。,,,tower_ledger_clue_02.wav,01-旁白/164-tower_ledger.clue.02.txt,29
165,tower_ledger.clue.03,旁白,调查线索,第四章·通天塔,桌上有三支未用的笔。世界的后续应由不止一个人写下。,桌上有三支未用的笔。世界的后续应由不止一个人写下。,,,tower_ledger_clue_03.wav,01-旁白/165-tower_ledger.clue.03.txt,25
166,tower_ledger.beat.01,拓印师,调查呓语,第四章·通天塔,我来时想找回自己的名字，后来却一直在替别人留下声音。,我来时想找回自己的名字，后来却一直在替别人留下声音。,,,tower_ledger_beat_01.wav,02-拓印师/166-tower_ledger.beat.01.txt,26
167,tower_ledger.beat.02,廊桥的回声,调查呓语,第四章·通天塔,你怎样等人归来，就是你的名字。,你怎样等人归来，就是你的名字。,,,tower_ledger_beat_02.wav,17-廊桥的回声/167-tower_ledger.beat.02.txt,15
168,tower_ledger.beat.03,戏楼的回声,调查呓语,第四章·通天塔,你肯听下一句，就是你的名字。,你肯听下一句，就是你的名字。,,,tower_ledger_beat_03.wav,18-戏楼的回声/168-tower_ledger.beat.03.txt,14
169,tower_ledger.keep_response.01,檐下谱,记住回应,第四章·通天塔,这本谱终于有了最后一页——但没有写‘终’。,这本谱终于有了最后一页，但没有写终。,是,—‘’,tower_ledger_keep.wav,03-檐下谱/169-tower_ledger.keep_response.01.txt,18
170,tower_ledger.forget_response.01,檐下谱,遗忘回应,第四章·通天塔,你为新页放下了一段旧声。它仍在账册里，提醒后来的人：这只是你的一种选择。,你为新页放下了一段旧声。它仍在账册里，提醒后来的人，这只是你的一种选择。,是,：,tower_ledger_forget.wav,03-檐下谱/170-tower_ledger.forget_response.01.txt,36
171,tower_ledger.outro.01,旁白,事件结语,第四章·通天塔,你把檐下谱放在塔门口。有人补上家门前的桥，有人画出从未登台的孩子，也有人在空白处写下疑问。屋檐不再只收留过去，它开始收留明天。,你把檐下谱放在塔门口。有人补上家门前的桥，有人画出从未登台的孩子，也有人在空白处写下疑问。屋檐不再只收留过去，它开始收留明天。,,,tower_ledger_outro.wav,01-旁白/171-tower_ledger.outro.01.txt,63
172,tower_ledger.echo.01,墨灵回声,墨灵回声,第四章·通天塔,只记住值得记住的，让世界自己选择颜色。,只记住值得记住的，让世界自己选择颜色。,,,tower_epilogue.wav,05-墨灵回声/172-tower_ledger.echo.01.txt,19
173,failure_scene.failure.01,檐下谱,失败结局,全章节,你退到了飞鸟山。这条石阶上，落着所有没能带回去的记忆。,你退到了飞鸟山。这条石阶上，落着所有没能带回去的记忆。,,,failure_line_01.wav,03-檐下谱/173-failure_scene.failure.01.txt,27
174,failure_scene.failure.02,拓印师,失败结局,全章节,只差最后一步。构件归位了，墨线描完了，白蚀也散了。,只差最后一步。构件归位了，墨线描完了，白蚀也散了。,,,failure_line_02.wav,02-拓印师/174-failure_scene.failure.02.txt,25
175,failure_scene.failure.03,飞鸟山,失败结局,全章节,差的那一步是我。你把我的残迹当成一页脏墨——擦干净，再写上你记得的样子。,差的那一步是我。你把我的残迹当成一页脏墨，擦干净，再写上你记得的样子。,是,—,failure_line_03.wav,14-飞鸟山/175-failure_scene.failure.03.txt,35
176,failure_scene.failure.04,拓印师,失败结局,全章节,我把你修回原来的样子，哪里不对？,我把你修回原来的样子，哪里不对。,是,？,failure_line_04.wav,02-拓印师/176-failure_scene.failure.04.txt,16
177,failure_scene.failure.05,飞鸟山,失败结局,全章节,你要的不是原来的我，是一个被你修好的我。,你要的不是原来的我，是一个被你修好的我。,,,failure_line_05.wav,14-飞鸟山/177-failure_scene.failure.05.txt,20
178,failure_scene.failure.06,拓印师,失败结局,全章节,我只是不想让你们再忘下去。,我只是不想让你们再忘下去。,,,failure_line_06.wav,02-拓印师/178-failure_scene.failure.06.txt,13
179,failure_scene.failure.07,飞鸟山,失败结局,全章节,你是想让我停在你还记得我的那一天。,你是想让我停在你还记得我的那一天。,,,failure_line_07.wav,14-飞鸟山/179-failure_scene.failure.07.txt,17
181,failure_scene.failure.09,飞鸟山,失败结局,全章节,你这个人，满脑子只想着自己呢。,你这个人，满脑子只想着自己呢。,,,failure_line_09.wav,14-飞鸟山/181-failure_scene.failure.09.txt,15
182,failure_scene.failure_first.01,檐下谱,失败结局首句,全章节,你退到了飞鸟山。墨已经耗干了。,你退到了飞鸟山。墨已经耗干了。,,,failure_first_erosion_limit.wav,03-檐下谱/182-failure_scene.failure_first.01.txt,15
183,failure_scene.failure_first.02,檐下谱,失败结局首句,全章节,你退到了飞鸟山。这一回，你的手抖得太厉害了。,你退到了飞鸟山。这一回，你的手抖得太厉害了。,,,failure_first_puzzle_attempt_limit.wav,03-檐下谱/183-failure_scene.failure_first.02.txt,22
184,failure_scene.failure_first.03,檐下谱,失败结局首句,全章节,你退到了飞鸟山。白蚀还在，你的手已经抬不起来了。,你退到了飞鸟山。白蚀还在，你的手已经抬不起来了。,,,failure_first_battle_requirements_not_met.wav,03-檐下谱/184-failure_scene.failure_first.03.txt,24
185,failure_scene.failure_first.04,檐下谱,失败结局首句,全章节,你退到了飞鸟山。这段路，你走得太久了。,你退到了飞鸟山。这段路，你走得太久了。,,,failure_first_session_expired.wav,03-檐下谱/185-failure_scene.failure_first.04.txt,19
